CAMPAIGNNAME,LOCATION,BYEAR,EYEAR,NVC1.3_SUCCESS,NVC1.3_LIMITED,NVC1.3_FAILURE,NVC1.3_ONGOING,NVC1.3_VIOL,NVC1.3_NONVIOL,NVC1.3_FSELFDET,NVC1.3_REGCHANGE,NVC1.3_SECESSION,NVC1.3_OTHER,NVC1.3_CAMPAIGN
Third Anglo-Afghan War,Afghanistan,1919,1919,1,0,0,0,1,0,1,0,0,0,1
Anti-Reformist movement,Afghanistan,1924,1929,0,0,1,0,1,0,0,1,0,0,1
Afghans,Afghanistan,1978,1979,1,0,0,0,1,0,0,1,0,0,1
Anti-Soviet Movement (3 Hut Uprising),Afghanistan,1980,1980,0,0,1,0,0,1,1,0,0,0,1
Afghan resistance,Afghanistan,1980,1989,1,0,0,0,1,0,1,0,0,0,1
Taliban/anti-government forces,Afghanistan,1992,1996,1,0,0,0,1,0,0,1,0,0,1
Taliban,Afghanistan,2001,2019,0,0,1,1,1,0,0,1,0,0,1
ISIS-Afghanistan,Afghanistan,2015,2019,0,0,1,1,1,0,0,1,0,0,1
Albanian anti-communist,Albania,1990,1991,1,0,0,0,0,1,0,1,0,0,1
Albanian anti-corruption,Albania,2019,2019,0,0,1,1,0,1,0,1,0,0,1
Algerian Revolt/National Liberation Front,Algeria,1954,1962,1,0,0,0,1,0,1,0,0,0,1
former rebel leaders,Algeria,1962,1963,0,0,1,0,1,0,0,1,0,0,1
Islamic Salvation Front,Algeria,1992,2002,0,0,1,0,1,0,0,1,0,0,1
Anti-Abdelaziz Bouteflika Campaign,Algeria,2010,2012,0,1,0,0,0,1,0,1,0,0,1
Smile Revolution,Algeria,2019,2019,1,0,0,0,0,1,0,1,0,0,1
Popular Movement for the Liberation of Angola,Angola,1961,1974,1,0,0,0,1,0,1,0,0,0,1
UNITA,Angola,1975,2002,0,1,0,0,1,0,0,1,0,0,1
Cabinda Conflict,Angola,1991,2019,0,0,1,1,1,0,0,0,1,0,1
Revolucion Libertadora,Argentina,1955,1955,1,0,0,0,1,0,0,1,0,0,1
ERP/Monteneros,Argentina,1973,1977,0,0,1,0,1,0,0,1,0,0,1
pro-democracy movement,Argentina,1977,1983,1,0,0,0,0,1,0,1,0,0,1
Argentina anti-coup,Argentina,1987,1987,1,0,0,0,0,1,0,0,0,1,1
Armenian Opposition Protest / March 1st Movement,Armenia,2007,2009,0,1,0,0,0,1,0,1,0,0,1
2018 Anti-government protests,Armenia,2018,2018,1,0,0,0,0,1,0,1,0,0,1
Pro-Independence Campaign,Aruba,1977,1977,0,0,1,0,0,1,0,0,1,0,1
socialists,Austria,1934,1934,0,0,1,0,1,0,0,1,0,0,1
Armenians in Nagorno-Karabakh,Azerbaijan,1991,1994,0,1,0,0,1,0,0,0,1,0,1
Anti-King Hamad Campaign,Bahrain,2011,2019,0,0,1,1,0,1,0,1,0,0,1
Shanti Bahini,Bangladesh,1976,1997,0,0,1,0,1,0,0,0,1,0,1
anti-Ershad campaign,Bangladesh,1987,1990,1,0,0,0,0,1,0,1,0,0,1
1994-1996 Awami League Campaign,Bangladesh,1994,1996,1,0,0,0,0,1,0,1,0,0,1
Oust The Government Campaign,Bangladesh,2004,2004,0,0,1,0,0,1,0,1,0,0,1
Awami League Protests,Bangladesh,2006,2007,1,0,0,0,0,1,0,1,0,0,1
Belarus anti-communist,Belarus,1988,1991,1,0,0,0,0,1,0,1,0,0,1
Denim revolution,Belarus,2006,2006,0,0,1,0,0,1,0,1,0,0,1
Benin anti-government protests,Benin,1963,1963,1,0,0,0,0,1,0,1,0,0,1
Benin anti-communist,Benin,1989,1990,1,0,0,0,0,1,0,1,0,0,1
Acre rebellion,Bolivia,1902,1903,0,0,1,0,1,0,0,0,1,0,1
Popular Revolutionary Movement,Bolivia,1946,1946,1,0,0,0,1,0,0,1,0,0,1
leftists,Bolivia,1952,1952,1,0,0,0,1,0,0,1,0,0,1
Bolivian anti-government protests,Bolivia,1964,1964,0,0,1,0,0,1,0,1,0,0,1
Bolivian anti-juntas,Bolivia,1977,1982,1,0,0,0,0,1,0,1,0,0,1
Anti-Siles Zuazo,Bolivia,1985,1985,0,1,0,0,0,1,0,1,0,0,1
Anti-Sanchez de Lozada Campaign,Bolivia,2003,2003,1,0,0,0,0,1,0,1,0,0,1
Anti-Mesa Campaign Phase 1,Bolivia,2004,2004,0,0,1,0,0,1,0,1,0,0,1
Anti-Mesa Campaign Phase 2,Bolivia,2005,2005,1,0,0,0,0,1,0,1,0,0,1
anti-Morales protests,Bolivia,2019,2019,1,0,0,0,0,1,0,1,0,0,1
anti-Áñez protests,Bolivia,2019,2019,0,0,1,1,0,1,0,1,0,0,1
Serb militias,Bosnia-Herzegovina,1992,1995,0,0,1,0,1,0,0,0,1,0,1
Republic of Western Bosnia (secession),Bosnia-Herzegovina,1993,1995,0,0,1,0,1,0,0,0,1,0,1
UDAR,Bosnia-Herzegovina,2014,2014,0,0,1,0,0,1,0,1,0,0,1
Paolistas,Brazil,1932,1932,0,0,1,0,1,0,0,1,0,0,1
diretas ja,Brazil,1984,1985,1,0,0,0,0,1,0,1,0,0,1
Anti-Collor Protests,Brazil,1992,1992,1,0,0,0,0,1,0,1,0,0,1
Anti-Rousseff,Brazil,2015,2016,1,0,0,0,0,1,0,1,0,0,1
Brunei Revolt,Brunei,1962,1962,0,0,1,0,1,0,0,1,0,0,1
Agrarian League movement,Bulgaria,1923,1923,0,0,1,0,1,0,0,1,0,0,1
Bulgarian anti-communist,Bulgaria,1989,1990,0,1,0,0,0,1,0,1,0,0,1
Anti-Socialist Demonstrations,Bulgaria,2009,2009,0,0,1,0,0,1,0,1,0,0,1
Dance with me Campaign,Bulgaria,2013,2014,1,0,0,0,0,1,0,1,0,0,1
Anti-Compaore Campaign,Burkina Faso,2014,2014,1,0,0,0,0,1,0,1,0,0,1
Burmese independence movement,Burma,1916,1938,0,0,1,0,0,1,1,0,0,0,1
Saya San's rebellion,Burma,1930,1932,0,0,1,0,1,0,1,0,0,0,1
Kachin rebels,Burma,1948,1994,0,0,1,0,1,0,0,0,1,0,1
Karens,Burma,1948,1994,0,0,1,0,1,0,0,0,1,0,1
Pro-Democracy movement in Burma,Burma,1988,2019,0,0,1,1,1,0,0,1,0,0,1
Hutu rebellion,Burundi,1972,1973,0,0,1,0,1,0,0,1,0,0,1
Burundian Civil War,Burundi,1991,2008,0,0,1,0,1,0,0,1,0,0,1
Tutsi supremacists,Burundi,1991,1992,1,0,0,0,1,0,0,1,0,0,1
Palipehutu-FNL,Burundi,2008,2008,0,0,1,0,1,0,0,1,0,0,1
Anti-Nkurunziza Campaign,Burundi,2015,2015,0,0,1,0,0,1,0,1,0,0,1
Cambodian Independence Movement,Cambodia,1946,1954,1,0,0,0,1,0,1,0,0,0,1
Khmer Rouge,Cambodia,1970,1975,1,0,0,0,1,0,0,1,0,0,1
Kampuchean United Front for National Salvation,Cambodia,1978,1979,1,0,0,0,1,0,0,1,0,0,1
Second Khmer Rouge,Cambodia,1979,1997,0,0,1,0,1,0,0,1,0,0,1
Anti-Hun Sen,Cambodia,1998,1998,0,0,1,0,0,1,0,1,0,0,1
2013 Cambodian election protests,Cambodia,2013,2014,0,0,1,0,0,1,0,1,0,0,1
anti-colonialist movement,Cameroon,1955,1960,1,0,0,0,1,0,1,0,0,0,1
Cameroon anti-Ahidjo government movement,Cameroon,1960,1971,0,0,1,0,1,0,0,1,0,0,1
NCCOP pro-democracy movement,Cameroon,1991,1991,1,0,0,0,0,1,0,1,0,0,1
Jama'atu Ahlis Sunna Lidda'awati wal-Jihad (Boko Haram Affliliate),Cameroon,2013,2018,0,0,1,1,1,0,0,1,0,0,1
Ambazonia Independence,Cameroon,2017,2018,0,0,1,0,0,1,0,0,1,0,1
Anglophone Crisis/Ambazonia Independence,Cameroon,2017,2019,0,0,1,1,1,0,0,0,1,0,1
CCCN and Union pro-democracy movement,Central African Republic,1990,1993,1,0,0,0,0,1,0,1,0,0,1
multiple factions,Central African Republic,1994,1997,1,0,0,0,1,0,0,1,0,0,1
Seleka rebellion,Central African Republic,2003,2013,1,0,0,0,1,0,0,1,0,0,1
anti-Balaka,Central African Republic,2013,2014,1,0,0,0,1,0,0,1,0,0,1
Frolinat,Chad,1966,1990,1,0,0,0,1,0,0,1,0,0,1
rebels,Chad,1994,1998,0,0,1,0,1,0,0,1,0,0,1
MDJT,Chad,1998,2003,0,0,1,0,1,0,0,1,0,0,1
Chadian Civll War I,Chad,2005,2006,0,0,1,0,1,0,0,1,0,0,1
Anti-Deby Rebellion,Chad,2005,2009,0,0,1,0,1,0,0,1,0,0,1
Chadian Civll War II,Chad,2006,2010,0,0,1,0,1,0,0,1,0,0,1
anti-Ibanez campaign,Chile,1931,1931,1,0,0,0,0,1,0,1,0,0,1
Pinochet-led rebels,Chile,1973,1973,1,0,0,0,1,0,0,1,0,0,1
anti-Pinochet campaign,Chile,1983,1989,1,0,0,0,0,1,0,1,0,0,1
anti-Pinera,Chile,2019,2019,0,0,1,1,0,1,0,1,0,0,1
Republicans,China,1911,1913,0,0,1,0,1,0,0,1,0,0,1
Yunnan rebellion,China,1916,1918,0,1,0,0,1,0,0,0,1,0,1
May the Fourth Movement,China,1919,1919,0,1,0,0,0,1,1,0,0,0,1
Chinese communist movement,China,1927,1949,1,0,0,0,1,0,0,1,0,0,1
Manchurian guerillas,China,1931,1941,1,0,0,0,1,0,1,0,0,0,1
Chinese rebels,China,1937,1945,0,0,1,0,1,0,1,0,0,0,1
Taiwanese Revolt,China,1947,1947,0,0,1,0,1,0,0,0,1,0,1
Hundred Flowers Movement,China,1956,1957,0,0,1,0,0,1,0,1,0,0,1
Tibetan resistance,China,1956,1959,0,0,1,0,1,0,1,0,0,0,1
Cultural Revolution Red Guards,China,1967,1968,0,0,1,0,1,0,0,0,0,1,1
Democracy Movement,China,1976,1979,0,0,1,0,0,1,0,1,0,0,1
Tiananmen Square,China,1989,1989,0,0,1,0,0,1,0,1,0,0,1
Kirti Monastery Protests,China,2012,2012,0,0,1,0,0,1,0,0,1,0,1
Hong Kong pro-democracy (Umbrella Movement),China,2014,2019,0,0,1,1,0,1,0,1,0,1,1
La Violencia/Liberals of 1949,Colombia,1948,1958,0,0,1,0,1,0,0,1,0,0,1
anti-Rojas,Colombia,1957,1957,1,0,0,0,0,1,0,1,0,0,1
"Revolutionary Armed Forces of Colombia, National Liberation Army, M-19",Colombia,1964,2016,0,0,1,0,1,0,0,1,0,0,1
Anjouan Separatist Movement,Comoros,1997,2000,0,1,0,0,1,0,0,0,1,0,1
Denis Sassou Nguesso campaign,Congo-Brazzaville (ROC),1997,1999,1,0,0,0,1,0,0,1,0,0,1
"Anti-Sassou-Nguessou Campaign (Cocoyes, Ninjas, Ntsiloulous)",Congo-Brazzaville (ROC),1997,2003,0,0,1,0,1,0,0,1,0,0,1
National Union Party,Costa Rica,1948,1948,1,0,0,0,1,0,0,1,0,0,1
Serbian Republic of Krajina (secession campaign),Croatia,1991,1995,0,0,1,0,1,0,0,0,1,0,1
Croatian pro-democracy,Croatia,1999,2000,1,0,0,0,0,1,0,1,0,0,1
Cuban Revolution,Cuba,1958,1959,1,0,0,0,1,0,0,1,0,0,1
Ethniki Organosis Kyprios Agoniston,Cyprus,1954,1959,1,0,0,0,1,0,1,0,0,0,1
Czech uprising,Czechoslovakia,1968,1968,0,0,1,0,0,1,1,0,0,0,1
Velvet Revolution,Czechoslovakia,1989,1989,1,0,0,0,0,1,0,1,0,0,1
Congolese Independence Movement,Democratic Republic of Congo,1959,1960,0,1,0,0,0,1,1,0,0,0,1
CNL,Democratic Republic of Congo,1964,1965,0,0,1,0,1,0,0,1,0,0,1
Kabila-ADFL,Democratic Republic of Congo,1996,1997,1,0,0,0,1,0,0,1,0,0,1
Second Congo War,Democratic Republic of Congo,1998,2002,0,0,1,0,1,0,0,1,0,0,1
CNDP,Democratic Republic of Congo,2006,2008,0,0,1,0,1,0,0,1,0,0,1
M23,Democratic Republic of Congo,2012,2013,0,0,1,0,1,0,0,1,0,0,1
anti-Kabila campaign,Democratic Republic of Congo,2017,2018,1,0,0,0,0,1,0,1,0,0,1
Danish resistance,Denmark,1940,1943,0,1,0,0,0,1,1,0,0,0,1
Afar insurgency,Djibouti,1991,1994,0,0,1,0,1,0,0,1,0,0,1
Djibouti Arab Spring,Djibouti,2011,2011,0,0,1,0,0,1,0,1,0,0,1
Dominican insurgency,Dominican Republic,1916,1924,0,0,1,0,1,0,1,0,0,0,1
anti-Balaguer strikes,Dominican Republic,1961,1962,1,0,0,0,0,1,0,1,0,0,1
leftists,Dominican Republic,1965,1965,0,0,1,0,1,0,0,1,0,0,1
East German uprising,East Germany,1953,1953,0,0,1,0,0,1,0,1,0,0,1
pro-dem movement,East Germany,1989,1989,0,1,0,0,0,1,0,1,0,0,1
Freitilin,East Timor,1975,1979,0,0,1,0,1,0,1,0,0,0,1
Timorese resistance,East Timor,1989,1999,1,0,0,0,0,1,1,0,0,0,1
Anti-Alkatiri,East Timor,2006,2006,1,0,0,0,0,1,0,1,0,0,1
1965 Anti-Junta Campaign,Ecuador,1965,1966,1,0,0,0,0,1,0,1,0,0,1
1997 Anti-Bucaram Campaign,Ecuador,1997,1997,1,0,0,0,0,1,0,1,0,0,1
2000 Anti-Mahuad Protests,Ecuador,2000,2000,1,0,0,0,0,1,0,1,0,0,1
2004 Anti-Gutierrez Protests,Ecuador,2004,2004,1,0,0,0,0,1,0,1,0,0,1
Rebellion of the Forajidos,Ecuador,2005,2005,1,0,0,0,0,1,0,1,0,0,1
Out Correa Campaign,Ecuador,2015,2017,0,1,0,0,0,1,0,1,0,0,1
Egyptian Revolution for Independence,Egypt,1918,1922,1,0,0,0,0,1,1,0,0,0,1
Egyptian Insurgency-Jamaat Al Islamiyya,Egypt,1992,1999,0,0,1,0,1,0,0,1,0,0,1
Kefaya,Egypt,2000,2005,0,1,0,0,0,1,0,1,0,0,1
Anti-Mubarak movement,Egypt,2007,2011,1,0,0,0,0,1,0,1,0,0,1
Anti-Morsi Protests,Egypt,2013,2013,1,0,0,0,0,1,0,1,0,0,1
Pro-Morsi Protests,Egypt,2013,2014,0,0,1,0,0,1,0,1,0,0,1
Sinai Insurgency,Egypt,2013,2019,0,0,1,1,1,0,0,1,0,0,1
anti-Sisi protests,Egypt,2019,2019,0,0,1,0,0,1,0,1,0,0,1
leftist rebellion,El Salvador,1932,1932,0,0,1,0,1,0,0,1,0,0,1
anti Aguirre y Salinas,El Salvador,1944,1945,0,0,1,0,0,1,0,1,0,0,1
Strike of Fallen Arms,El Salvador,1944,1944,1,0,0,0,0,1,0,1,0,0,1
Anti-Lemus campaign,El Salvador,1960,1960,1,0,0,0,0,1,0,1,0,0,1
El Salvador anti-junta,El Salvador,1977,1980,0,0,1,0,0,1,0,1,0,0,1
Farabundo Marti National Liberation Front (FMLN),El Salvador,1979,1991,0,1,0,0,1,0,0,1,0,0,1
Shifta insurgency,Eritrea,1945,1952,0,0,1,0,1,0,1,0,0,0,1
"Metsavennad (Forest Brothers, Estonian Anti-Occupation Campaign)",Estonia,1945,1953,0,0,1,0,1,0,1,0,0,0,1
Singing Revolution,Estonia,1987,1991,1,0,0,0,0,1,0,1,0,0,1
Oromiya Self Determination,Ethiopia,1973,2018,0,1,0,0,1,0,1,0,0,0,1
Eritrean-led rebels,Ethiopia,1974,1991,1,0,0,0,1,0,1,0,0,0,1
Somali rebels (Ogaden),Ethiopia,1976,1980,0,0,1,0,1,0,1,0,0,0,1
Tigrean Liberation Front,Ethiopia,1982,1991,1,0,0,0,1,0,0,0,1,0,1
Ogaden Self Determination,Ethiopia,1984,2018,0,0,1,1,1,0,1,0,0,0,1
Indo-Fijian Anti-Coup Campaign,Fiji,1987,1987,0,0,1,0,0,1,0,1,0,0,1
Anti-Coalition Government Campaign,Fiji,1987,1987,1,0,0,0,1,0,0,1,0,0,1
Anti-Chaudhry Campaign,Fiji,2000,2000,1,0,0,0,0,1,0,1,0,0,1
communist rebels,Finland,1918,1918,0,0,1,0,1,0,0,1,0,0,1
French resistance,France,1940,1944,0,0,0,0,1,0,1,0,0,0,1
French Nationalists/SAO,France,1960,1962,0,0,1,0,1,0,0,0,0,1,1
Yellow Vests,France,2018,2019,0,0,1,1,0,1,0,1,0,0,1
Southern Ossetian Separatist Campaign,Georgia,1991,1992,0,0,1,0,1,0,0,0,1,0,1
Georgia-Abkhazia War,Georgia,1992,1994,0,0,1,0,1,0,0,0,1,0,1
Rose Revolution,Georgia,2003,2003,1,0,0,0,0,1,0,1,0,0,1
2007 Anti-Saakashvili Campaign,Georgia,2007,2007,0,1,0,0,0,1,0,1,0,0,1
Third South Ossetian Campaign,Georgia,2008,2008,1,0,0,0,1,0,0,0,1,0,1
2009 Anti-Saakashvili Campaign,Georgia,2009,2009,0,0,1,0,0,1,0,1,0,0,1
2019 Georgian Protests,Georgia,2019,2019,0,1,0,0,0,1,0,1,0,0,1
Ruhrkampf resistance,Germany,1923,1924,1,0,0,0,0,1,1,0,0,0,1
Convention People's Party movement,Ghana,1955,1957,1,0,0,0,0,1,1,0,0,0,1
anti-Rawlings campaign,Ghana,2000,2000,1,0,0,0,0,1,0,1,0,0,1
Greek resistance,Greece,1943,1944,0,0,1,0,1,0,1,0,0,0,1
Greek Civil War,Greece,1946,1949,0,0,1,0,1,0,1,0,0,0,1
Greece premier protest,Greece,1965,1966,0,0,1,0,0,1,0,1,0,0,1
Greek anti-military,Greece,1973,1974,1,0,0,0,0,1,0,1,0,0,1
anti-Estrada Cabrera,Guatemala,1919,1920,1,0,0,0,0,1,0,1,0,0,1
October Revolutionaries,Guatemala,1944,1944,1,0,0,0,0,1,0,1,0,0,1
Conservative movement,Guatemala,1954,1954,1,0,0,0,1,0,0,1,0,0,1
Anti-Ydigoras,Guatemala,1962,1962,0,0,1,0,0,1,0,1,0,0,1
Marxist rebels (URNG),Guatemala,1966,1996,0,1,0,0,1,0,0,1,0,0,1
Anti-Serrano,Guatemala,1993,1993,1,0,0,0,0,1,0,1,0,0,1
Guatemala Uprising,Guatemala,2015,2015,1,0,0,0,0,1,0,1,0,0,1
Anti-Morales Protests,Guatemala,2017,2019,0,0,1,1,0,1,0,1,0,0,1
RDFG,Guinea,2000,2001,0,0,1,0,1,0,0,1,0,0,1
pro-democracy movement,Guinea,2007,2010,0,0,1,0,0,1,0,1,0,0,1
PAIGC,Guinea-Bissau,1963,1974,1,0,0,0,1,0,1,0,0,0,1
"Military Junta for the Consolidation of Democracy, Peace and Justice",Guinea-Bissau,1998,1999,0,0,1,0,1,0,0,1,0,0,1
anti-Burnham/Hoyte campaign,Guyana,1990,1992,1,0,0,0,0,1,0,1,0,0,1
Caco Revolt,Haiti,1918,1920,0,0,1,0,1,0,1,0,0,0,1
pro-democracy movement,Haiti,1946,1946,1,0,0,0,0,1,0,0,0,0,1
anti-Maglore movement,Haiti,1956,1956,1,0,0,0,0,1,0,1,0,0,1
anti-Duvalier campaign,Haiti,1985,1986,1,0,0,0,0,1,0,1,0,0,1
Anti-National Governing Council (CNG),Haiti,1987,1987,0,0,1,0,0,1,0,1,0,0,1
Anti-Aristide Campaign 2004,Haiti,2003,2004,1,0,0,0,0,1,0,1,0,0,1
Pro-Aristide Campaign,Haiti,2005,2010,0,0,1,0,0,1,0,1,0,0,1
Anti-MINUSTAH Campaign,Haiti,2008,2008,0,0,1,0,0,1,1,0,0,0,1
Anti-Martelly campaign,Haiti,2014,2016,1,0,0,0,0,1,0,1,0,0,1
Anti-Jovenel Moise Protests,Haiti,2018,2019,0,0,1,1,0,1,0,1,0,0,1
Conservative movement,Honduras,1924,1924,0,0,1,0,1,0,0,1,0,0,1
Honduran pro-democracy movement,Honduras,1944,1944,0,0,1,0,0,1,0,1,0,0,1
Frente Nacionalæde Resistencia Popular (FNRP),Honduras,2009,2009,0,0,1,0,0,1,0,1,0,0,1
Honduran indignados,Honduras,2015,2015,0,0,1,0,0,1,0,1,0,0,1
Anti-Hernandez,Honduras,2017,2019,0,0,1,1,0,1,0,1,0,0,1
Hernández Must Go campaign,Honduras,2019,2019,0,0,1,0,0,1,0,1,0,0,1
anti-communist movement (Whites),Hungary,1919,1920,1,0,0,0,1,0,0,1,0,0,1
Hungarian anti-communist,Hungary,1956,1956,0,0,1,0,0,1,0,1,0,0,1
Hungarian anti-Soviet,Hungary,1956,1956,0,0,1,0,1,0,1,0,0,0,1
pro-dem movement,Hungary,1989,1989,1,0,0,0,0,1,0,1,0,0,1
Anti-Orban,Hungary,2017,2019,0,0,1,1,0,1,0,1,0,0,1
Cutlery Revolution (Kitchenware/Kitchen Implement Revolution),Iceland,2008,2009,1,0,0,0,0,1,0,1,0,0,1
Panama Papers Anti-Government Protest,Iceland,2016,2016,0,1,0,0,0,1,0,1,0,0,1
Indian independence movement,India,1919,1947,0,1,0,0,0,1,1,0,0,0,1
Moplah Rebellion,India,1921,1922,0,0,1,0,1,0,0,1,0,0,1
Punnapra-Vayalar Uprising,India,1946,1946,0,0,1,0,1,0,0,1,0,0,1
Hyderabad activists,India,1948,1948,0,0,1,0,1,0,0,0,1,0,1
Telangana People's Front,India,1948,1952,0,0,1,0,1,0,0,1,0,0,1
Naga Rebellion,India,1956,2019,0,0,1,0,1,0,0,0,1,0,1
Mizo Revolt,India,1966,1986,0,1,0,0,1,0,0,0,1,0,1
Naxalite insurgency,India,1967,1971,0,0,1,1,1,0,0,1,0,0,1
Naxalite rebellion,India,1970,1971,0,0,1,0,1,0,0,1,0,0,1
Anti-Indira Campaign (Phase 1),India,1975,1975,0,0,1,0,0,1,0,1,0,0,1
Anti-Indira Campaign (Phase 3),India,1977,1977,1,0,0,0,0,1,0,1,0,0,1
Manipur,India,1979,2019,0,0,1,1,1,0,0,0,1,0,1
Sikh insurgency,India,1984,1994,0,0,1,0,1,0,0,0,1,0,1
Assam independence,India,1985,2019,0,0,1,1,1,0,0,0,1,0,1
Gurkha Independence Campaign,India,1986,1986,0,0,1,0,0,1,0,0,1,0,1
1986-7 Khalistan Campaign,India,1986,1987,0,0,1,0,0,1,0,0,1,0,1
Bodoland Independence Campaign (secesesion),India,1986,2019,0,0,1,1,1,0,0,0,1,0,1
Tripura,India,1989,2019,0,0,1,1,1,0,0,0,1,0,1
1990 Kashmir Plebiscite Protests,India,1990,1990,0,0,1,0,0,1,0,0,1,0,1
Kashmiri Muslim separatists,India,1990,2005,0,0,1,0,1,0,0,0,1,0,1
Western Southeast Asia Front,India,2015,2019,0,0,1,1,1,0,0,0,1,0,1
Kashmir anti-India protests,India,2016,2019,0,0,1,1,0,1,1,0,0,0,1
Indonesian Revolt,Indonesia,1945,1949,1,0,0,0,1,0,1,0,0,0,1
Moluccans,Indonesia,1950,1950,0,0,1,0,1,0,0,0,1,0,1
Darul Islam,Indonesia,1953,1953,0,0,1,0,1,0,0,1,0,0,1
leftists,Indonesia,1956,1960,0,0,1,0,1,0,0,1,0,0,1
GAM,Indonesia,1975,2005,0,1,0,0,1,0,0,0,1,0,1
anti-Suharto campaign,Indonesia,1997,1998,1,0,0,0,0,1,0,1,0,0,1
Student Protests (Anti-Habibie),Indonesia,1999,1999,1,0,0,0,0,1,0,1,0,0,1
Constitutional Revolution,Iran,1905,1906,1,0,0,0,0,1,0,1,0,0,1
Constitutionalists,Iran,1908,1909,1,0,0,0,1,0,0,1,0,0,1
KDPI (First Separatist Movement),Iran,1945,1946,0,0,1,0,0,1,0,0,1,0,1
Iranian Revolution,Iran,1977,1979,1,0,0,0,0,1,0,1,0,0,1
KDPI,Iran,1979,1996,0,0,1,0,1,0,0,1,0,0,1
Mujahideen,Iran,1981,2001,0,0,1,0,1,0,0,1,0,0,1
Tir 18 Riot for democracy,Iran,1999,1999,0,0,1,0,0,1,0,1,0,0,1
PJAK,Iran,2005,2018,0,0,1,1,1,0,0,0,1,0,1
Green Revolution and Day of Rage,Iran,2009,2013,0,1,0,0,0,1,0,1,0,0,1
2017 Iran Anti-Government Protests,Iran,2017,2019,0,0,1,1,0,1,0,1,0,0,1
2019 Iranian protests,Iran,2019,2019,0,0,1,1,0,1,0,1,0,0,1
Iraqi rebels,Iraq,1920,1920,0,1,0,0,1,0,1,0,0,0,1
Shammar Tribe and pro-Western officers,Iraq,1959,1959,0,0,1,0,1,0,0,1,0,0,1
Kurdish rebellion,Iraq,1961,1970,0,1,0,0,1,0,0,0,1,0,1
Kurdish secession against Saddam,Iraq,1985,1991,0,0,1,0,1,0,0,0,1,0,1
SCIRI,Iraq,1989,1996,0,0,1,0,1,0,0,1,0,0,1
Iraqis Protest Saddam Hussein Following Iraqi Withdrawal from Kuwait,Iraq,1991,1991,0,1,0,0,0,1,0,1,0,0,1
Shiite rebellion,Iraq,1991,1991,0,0,1,0,1,0,0,1,0,0,1
Kurdish civil conflict,Iraq,1996,1996,0,0,1,0,1,0,0,0,1,0,1
Iraqi insurgency (Sunni/AQI/ISIL),Iraq,2004,2019,0,0,1,1,1,0,0,1,0,0,1
Sadar's Anti-US Occupation campaign,Iraq,2008,2009,0,0,1,0,0,1,1,0,0,0,1
Day of Rage Protests,Iraq,2011,2011,0,1,0,0,0,1,0,1,0,0,1
Anti-Shiite Government Protests,Iraq,2012,2014,0,1,0,0,0,1,0,1,0,0,1
anti-Mahdi movement,Iraq,2019,2019,1,0,0,0,0,1,0,1,0,0,1
Druze resistance,Israel,1981,1982,0,1,0,0,0,1,1,0,0,0,1
Italian resistance,Italy,1943,1945,0,0,1,0,1,0,1,0,0,0,1
Trieste Strikes,Italy,1946,1946,0,1,0,0,0,1,0,0,1,0,1
Ivorian pro-democracy movement,Ivory Coast,1989,1990,1,0,0,0,0,1,0,1,0,0,1
anit-Guei Protests,Ivory Coast,2000,2000,1,0,0,0,0,1,0,1,0,0,1
PMIC,Ivory Coast,2002,2005,0,0,1,0,1,0,0,1,0,0,1
Pro-Ouattara Campaign,Ivory Coast,2010,2011,1,0,0,0,0,1,0,1,0,0,1
Anti-Kishi Campaign,Japan,1960,1960,0,1,0,0,0,1,0,1,0,0,1
Palestinian activists,Jordan,1970,1970,0,0,1,0,1,0,0,0,0,1,1
Protest for Constitutional Reform,Jordan,2011,2013,0,1,0,0,0,1,0,1,0,0,1
Kenyan independence movement,Kenya,1938,1938,0,0,1,0,1,0,1,0,0,0,1
Mau Mau Rebellion,Kenya,1952,1956,0,0,1,0,1,0,1,0,0,0,1
NFDLM secessionists,Kenya,1964,1968,0,0,1,0,1,0,0,0,1,0,1
anti-Arap Moi,Kenya,1990,1991,1,0,0,0,0,1,0,1,0,0,1
Kenyan Al-Shabaab Insurgency,Kenya,2015,2019,0,0,1,1,1,0,0,0,1,0,1
Kosovo Anti-Governmant Protests,Kosovo,2015,2019,0,0,1,1,0,1,0,1,0,0,1
Kyrgyzstan Democratic Movement,Kyrgyzstan,1990,1991,1,0,0,0,0,1,0,1,0,0,1
Tulip Revolution,Kyrgyzstan,2005,2005,1,0,0,0,0,1,0,1,0,0,1
Second Revolution,Kyrgyzstan,2010,2010,1,0,0,0,0,1,0,1,0,0,1
Anti-Interim Government,Kyrgyzstan,2010,2010,0,0,1,0,0,1,0,1,0,0,1
Laotian Independence,Laos,1946,1949,1,0,0,0,1,0,1,0,0,0,1
First Pathet Lao,Laos,1950,1957,0,0,1,0,1,0,0,1,0,0,1
Second Pathet Lao,Laos,1959,1975,1,0,0,0,1,0,0,1,0,0,1
"Meza Brali (Forest Brothers, Latvian anti-occupation campaign)",Latvia,1945,1950,0,0,1,0,1,0,1,0,0,0,1
pro-dem movement,Latvia,1989,1991,1,0,0,0,0,1,0,1,0,0,1
Druze Revolt,Lebanon,1925,1927,0,0,1,0,1,0,1,0,0,0,1
White Revolution,Lebanon,1951,1952,1,0,0,0,0,1,0,1,0,0,1
leftists (anti-Shamun),Lebanon,1958,1958,0,0,1,0,1,0,0,1,0,0,1
leftists,Lebanon,1975,1990,0,0,1,0,1,0,0,1,0,0,1
Hundred Day War,Lebanon,1978,1978,1,0,0,0,1,0,1,0,0,0,1
Hizballah,Lebanon,1982,2000,1,0,0,0,1,0,1,0,0,0,1
Cedar Revolution,Lebanon,2005,2005,1,0,0,0,0,1,1,0,0,0,1
Lebanon Political Crisis,Lebanon,2006,2008,1,0,0,0,0,1,0,1,0,,1
2006 Lebanon War,Lebanon,2006,2006,0,0,1,0,1,0,1,0,0,0,1
October Revolution,Lebanon,2019,2019,1,0,0,0,0,1,0,1,0,0,1
Fair Election Campaign,Lesotho,1997,2002,0,1,0,0,0,1,0,1,0,0,1
anti-Doe rebels,Liberia,1989,1990,1,0,0,0,1,0,0,1,0,0,1
NPFL & ULIMO,Liberia,1992,1995,0,1,0,0,1,0,0,1,0,0,1
national patriotic forces,Liberia,1996,1996,0,0,1,0,1,0,0,1,0,0,1
LURD,Liberia,1999,2003,1,0,0,0,1,0,0,1,0,0,1
Italo-Libyan War (Sanusi),Libya,1920,1931,0,0,1,0,1,0,1,0,0,0,1
Libyan Civil War,Libya,2011,2011,1,0,0,0,1,0,0,1,0,0,1
Islamist militia factions (Second Libyan Civil War),Libya,2014,2019,0,0,1,1,1,0,0,1,0,0,1
"Mikso Broliai (Forest Brothers, Lithuanian Anti-Occupation Campaign)",Lithuania,1945,1956,0,0,1,0,1,0,1,0,0,0,1
pro-democracy movement/Sajudis,Lithuania,1988,1991,1,0,0,0,0,1,0,1,0,0,1
NLA Insurgency,Macedonia,2001,2001,0,0,1,0,1,0,0,0,1,0,1
Colorful Revolution,Macedonia,2015,2017,1,0,0,0,0,1,0,1,0,0,1
Franco-Madagascan,Madagascar,1947,1948,0,0,1,0,1,0,1,0,0,0,1
Anti-Tsiranana,Madagascar,1972,1972,1,0,0,0,0,1,0,1,0,0,1
Active Voices,Madagascar,1991,1993,1,0,0,0,0,1,0,1,0,0,1
pro-democracy movement,Madagascar,2002,2002,1,0,0,0,0,1,0,1,0,0,1
anti-Rajoelina movement,Madagascar,2009,2014,0,1,0,0,0,1,0,1,0,0,1
anti-Ravalomanana movement,Madagascar,2009,2009,1,0,0,0,0,1,0,1,0,0,1
Nyasaland African Congress,Malawi,1958,1959,0,1,0,0,0,1,1,0,0,0,1
anti-Banda campaign,Malawi,1992,1994,1,0,0,0,0,1,0,1,0,0,1
Anti-Mutharika,Malawi,2011,2012,1,0,0,0,0,1,0,1,0,0,1
Malayan Emergency,Malaysia,1948,1960,0,1,0,0,1,0,1,0,0,0,1
Reformasi,Malaysia,1998,1999,0,0,1,0,0,1,0,1,0,0,1
Anti-Gayoom Campaign,Maldives,2003,2008,1,0,0,0,0,1,0,1,0,0,1
Anti-Nasheed Campaign,Maldives,2012,2012,1,0,0,0,0,1,0,1,0,0,1
Nasheed Supporters,Maldives,2012,2013,0,0,1,0,0,1,0,1,0,0,1
Anti-Yameen,Maldives,2015,2019,1,0,0,0,0,1,0,1,0,0,1
Tauregs,Mali,1989,1995,0,0,1,0,1,0,0,1,0,0,1
Mali anti-military,Mali,1990,1991,1,0,0,0,0,1,0,1,0,0,1
Northern Mali conflict,Mali,2012,2015,0,1,0,0,1,0,0,0,1,0,1
Anti-Aziz Protests,Mauritania,2011,2014,0,0,1,0,0,1,0,1,0,0,1
Liberals and Radicals rebellion,Mexico,1910,1920,1,0,0,0,1,0,0,1,0,0,1
Huerta led rebels,Mexico,1923,1924,0,0,1,0,1,0,0,1,0,0,1
Cristeros rebellion,Mexico,1926,1929,0,0,1,0,1,0,0,1,0,0,1
Escoban-led rebellion,Mexico,1929,1929,0,0,1,0,1,0,0,1,0,0,1
anti-PRI campaign,Mexico,1987,2000,1,0,0,0,0,1,0,1,0,0,1
anti-Calderon campaign,Mexico,2006,2006,0,0,1,0,0,1,0,1,0,0,1
2014 Mexican anti-Corruption Campaign,Mexico,2014,2015,0,0,1,0,0,1,0,1,0,0,1
Dniestr,Moldova,1992,1992,0,1,0,0,1,0,0,0,1,0,1
"Moldovan ""Grapevine"" Revolution",Moldova,2009,2009,1,0,0,0,0,1,0,1,0,0,1
Moldovan Anti-Government Protest,Moldova,2015,2016,0,1,0,0,0,1,0,1,0,0,1
Mongolian anti-communist,Mongolia,1989,1990,1,0,0,0,0,1,0,1,0,0,1
Montenegrin Opposition Protest,Montenegro,2015,2015,0,0,1,0,0,1,0,1,0,0,1
97000 Resist campaign,Montenegro,2019,2019,0,0,1,0,0,1,0,1,0,0,1
Fez Caids Rebellion,Morocco,1907,1908,0,0,1,0,1,0,1,0,0,0,1
Wars of Independence,Morocco,1911,1917,0,0,1,0,1,0,1,0,0,0,1
Rifian Rebellion,Morocco,1921,1926,0,0,1,0,1,0,1,0,0,0,1
Moroccan Independence War,Morocco,1953,1956,1,0,0,0,1,0,1,0,0,0,1
Ifni war,Morocco,1957,1958,0,0,1,0,1,0,1,0,0,0,1
Western Sahara Independence Movement,Morocco,1999,2005,0,0,1,0,0,1,1,0,0,0,1
Front for the Liberation of Mozambique,Mozambique,1962,1975,1,0,0,0,1,0,1,0,0,0,1
Renamo,Mozambique,1979,1992,0,0,1,0,1,0,0,1,0,0,1
Naga Insurgency,Myanmar,1956,2019,0,0,1,0,1,0,0,0,1,0,1
Saffron Revolution,Myanmar,2007,2007,0,0,1,0,0,1,0,1,0,0,1
Western Southeast Asia Front,Myanmar,2015,2019,0,0,1,1,1,0,0,0,1,0,1
SWAPO,Namibia,1976,1988,1,0,0,0,1,0,1,0,0,0,1
South West African Revolt (Herero Revolt),Namibia/South West Africa,1904,1906,0,0,1,0,1,0,1,0,0,0,1
Zulu Rebellion (Natal Rebellion),Natal,1906,1906,0,0,1,0,1,0,1,0,0,0,1
The Stir,Nepal,1990,1990,1,0,0,0,0,1,0,1,0,0,1
CPN-M/UPF,Nepal,2001,2006,0,1,0,0,1,0,0,1,0,0,1
Nepalese anti-government,Nepal,2002,2006,1,0,0,0,0,1,0,1,0,0,1
Mahadeshi Autonomy Campaign,Nepal,2007,2007,0,1,0,0,0,1,0,0,1,0,1
Maoist Anti-Govt Protests,Nepal,2010,2010,1,0,0,0,0,1,0,1,0,0,1
Anti-Maoist Campaign,Nepal,2012,2012,1,0,0,0,0,1,0,1,0,0,1
Nicaraguan Guerillas,Nicaragua,1925,1933,1,0,0,0,1,0,0,1,0,0,1
Independent Liberal Party,Nicaragua,1944,1944,0,0,1,0,0,1,0,1,0,0,1
FSLN,Nicaragua,1978,1979,1,0,0,0,1,0,0,1,0,0,1
Anti-Somoza Strike,Nicaragua,1978,1978,0,0,1,0,0,1,0,1,0,0,1
Contras,Nicaragua,1981,1990,1,0,0,0,1,0,0,1,0,0,1
Anti-Ortega Protests,Nicaragua,2018,2019,0,0,1,1,0,1,0,1,0,0,1
Niger anti-military,Niger,1990,1992,1,0,0,0,0,1,0,1,0,0,1
Independence Movement,Nigeria,1945,1950,0,1,0,0,0,1,1,0,0,0,1
Biafrans,Nigeria,1967,1970,0,0,1,0,1,0,0,0,1,0,1
Muslim fundamentalists,Nigeria,1980,1984,0,0,1,0,1,0,0,1,0,0,1
Ogoni movement,Nigeria,1990,1995,0,0,1,0,0,1,0,0,1,0,1
Nigeria anti-military,Nigeria,1993,1999,1,0,0,0,0,1,0,1,0,0,1
Boko Haram,Nigeria,2011,2019,0,0,1,1,1,0,0,1,0,0,1
IRA/Irish nationalists,Northern Ireland,1968,1998,0,1,0,0,1,0,0,0,1,0,1
Norwegian resistance,Norway,1940,1945,0,1,0,0,0,1,1,0,0,0,1
Popular Front for the Liberation of Oman and the Arab Gulf (PFLOAG),Oman,1962,1976,0,1,0,0,1,0,0,1,0,0,1
VMRO Rebels (Macedonians) in Ilinden uprising,Ottoman Empire,1903,1903,0,0,1,0,1,0,0,0,1,0,1
Second Balochistan Separatist Movement,Pakistan,1962,1969,0,0,1,0,1,0,0,0,1,0,1
anti-Khan campaign,Pakistan,1968,1969,0,1,0,0,0,1,0,1,0,0,1
Bengalis,Pakistan,1971,1971,1,0,0,0,1,0,0,0,1,0,1
Third Balochistan Separatist Movement,Pakistan,1973,1977,0,0,1,0,1,0,0,0,1,0,1
Anti-Bhutto,Pakistan,1977,1977,1,0,0,0,0,1,0,1,0,0,1
pro-dem movement,Pakistan,1983,1983,0,0,1,0,0,1,0,1,0,0,1
Anti-Zia al-Haq,Pakistan,1986,1986,0,0,1,0,0,1,0,1,0,0,1
Mohajir,Pakistan,1994,1999,0,0,1,0,1,0,0,1,0,0,1
Fourth Balochistan Separatist Movement,Pakistan,2004,2019,0,0,1,1,1,0,0,0,1,0,1
Anti-Musharraf Campaign (Lawyer's Movement),Pakistan,2007,2008,1,0,0,0,0,1,0,1,0,0,1
Islamist insurgency,Pakistan,2007,2019,0,0,1,1,1,0,0,1,0,0,1
Anti-Zardari Campaign,Pakistan,2009,2009,0,0,1,0,0,1,0,1,0,0,1
2014 Anti-Sharif Campaign,Pakistan,2014,2014,0,0,1,0,0,1,0,1,0,0,1
Anti-British Mandate,Palestine,1920,1936,0,0,1,0,0,1,1,0,0,0,1
Palestinian Arab Revolt,Palestine,1936,1939,0,1,0,0,1,0,0,0,1,0,1
First Intifada,Palestine,1987,1990,0,1,0,0,0,1,1,0,0,0,1
Jewish resistance,Palestinian Territories,1945,1948,1,0,0,0,1,0,1,0,0,0,1
Palestinian Liberation,Palestinian Territories,1973,2019,0,0,1,1,1,0,0,0,1,0,1
anti-Noriega campaign,Panama,1987,1989,0,0,1,0,0,1,0,1,0,0,1
Bougainville Revolt,Papua New Guinea,1988,1998,0,0,1,0,1,0,0,1,0,0,1
Anti-prime minister protest,Papua New Guinea,2016,2016,0,0,1,0,0,1,0,1,0,0,1
leftist rebellion,Paraguay,1947,1947,0,0,1,0,1,0,0,1,0,0,1
Anti-Cubas Protests,Paraguay,1999,1999,1,0,0,0,0,1,0,1,0,0,1
Aprista rebels,Peru,1932,1932,0,0,1,0,1,0,0,1,0,0,1
Senderista Insurgency (Sendero Luminoso) The Shinning Path,Peru,1980,2012,0,0,1,0,1,0,0,1,0,0,1
anti-Fujimori campaign,Peru,2000,2000,1,0,0,0,0,1,0,1,0,0,1
Filipino nationalists,Philippines,1899,1902,0,0,1,0,1,0,1,0,0,0,1
Philippines Malayan insurgency,Philippines,1941,1945,0,0,1,0,1,0,1,0,0,0,1
Hukbalahap Rebellion,Philippines,1946,1954,0,0,1,0,1,0,0,1,0,0,1
Moro National Liberation Front,Philippines,1968,1987,0,0,1,0,1,0,0,1,0,0,1
New People's Army,Philippines,1972,1992,0,0,1,0,1,0,0,1,0,0,1
People Power,Philippines,1983,1986,1,0,0,0,0,1,0,1,0,0,1
Second People Power Movement,Philippines,2001,2001,1,0,0,0,0,1,0,1,0,0,1
People Power III,Philippines,2001,2001,0,0,1,0,0,1,0,1,0,0,1
Polish resistance,Poland,1944,1944,0,0,1,0,1,0,1,0,0,0,1
Poznan protests,Poland,1956,1956,0,1,0,0,0,1,0,1,0,0,1
Poland Anti-Communist I,Poland,1968,1968,0,0,1,0,0,1,0,1,0,0,1
Poland Anti-Communist II,Poland,1970,1970,0,1,0,0,0,1,0,1,0,0,1
Warsaw Worker's Uprising,Poland,1976,1976,0,1,0,0,0,1,0,1,0,0,1
Solidarity,Poland,1980,1989,1,0,0,0,0,1,0,1,0,0,1
Anti-right wing government,Poland,2016,2019,0,0,1,1,0,1,0,1,0,0,1
Carnation Revolution,Portugal,1973,1974,1,0,0,0,0,1,0,1,0,0,1
"Anti-Lissouba Campaign (Cocoyes, Ninjas, Cobras)",Republic of the Congo,1993,1997,1,0,0,0,1,0,0,1,0,0,1
Democratic Republic of Yemen Secessionist Movement,Republic of Yemen,1994,1994,0,0,1,0,1,0,0,0,1,0,1
Peasant Rebellion,Romania,1907,1907,0,0,1,0,1,0,0,0,0,1,1
anti-Ceaucescu movement,Romania,1987,1989,0,0,1,0,0,1,0,1,0,0,1
anti-Ceaucescu rebels,Romania,1989,1989,1,0,0,0,1,0,0,1,0,0,1
1990 Anti-Government Protests,Romania,1990,1992,0,1,0,0,0,1,0,1,0,0,1
The Golaniad,Romania,1990,1993,0,0,1,0,0,1,0,1,0,0,1
2012 Anti-Government Protests,Romania,2012,2012,1,0,0,0,0,1,0,1,0,0,1
Colectiv Revolution,Romania,2015,2015,1,0,0,0,0,1,0,1,0,0,1
Romania anti-government protest,Romania,2017,2019,0,0,1,1,0,1,0,1,0,1,1
Peasant/Worker Rebellion,Russia,1905,1906,0,1,0,0,1,0,0,1,0,0,1
Urkun Uprising,Russia,1916,1917,1,0,0,0,1,0,0,1,0,0,1
Russian Revolution,Russia,1917,1917,1,0,0,0,1,0,0,1,0,0,1
anti-Bolsheviks,Russia,1917,1921,0,0,1,0,1,0,0,1,0,0,1
pro-dem movement,Russia,1990,1991,1,0,0,0,0,1,0,0,0,1,1
Anti-Yeltsin,Russia,1993,1993,0,0,1,0,1,0,0,1,0,0,1
Chechen separatists,Russia,1994,2009,0,0,1,0,1,0,0,0,1,0,1
Dissenter's March,Russia,2007,2008,0,0,1,0,0,1,0,1,0,0,1
Caucasus Emirate,Russia,2007,2019,0,0,1,1,1,0,0,0,1,0,1
Snow Revolution,Russia,2010,2019,0,0,1,1,0,1,0,1,0,0,1
Rwandan independence,Rwanda,1956,1962,1,0,0,0,1,0,1,0,0,0,1
Watusi,Rwanda,1963,1964,0,0,1,0,1,0,0,1,0,0,1
Tutsi rebels,Rwanda,1990,1993,1,0,0,0,1,0,0,1,0,0,1
Patriotic Front,Rwanda,1994,1994,1,0,0,0,1,0,0,1,0,0,1
Hutu Nationalist Insurgency,Rwanda,1996,2001,0,0,1,0,1,0,0,1,0,0,1
Ikhwan rebellion,Saudi Arabia,1929,1930,0,0,1,0,1,0,0,1,0,0,1
MFDC secessionist campaign,Senegal,1982,1983,0,0,1,0,0,1,0,0,1,0,1
Casamance Conflict,Senegal,1982,2014,0,0,1,0,1,0,0,0,1,0,1
anti-Diouf campaign,Senegal,2000,2000,1,0,0,0,0,1,0,1,0,0,1
Anti-Wade June 23 Movement,Senegal,2012,2012,1,0,0,0,0,1,0,1,0,0,1
anti-Milosevic,Serbia,1996,2000,1,0,0,0,0,1,0,1,0,0,1
KLA,Serbia,1998,1999,0,1,0,0,1,0,0,0,1,0,1
Anti-Vucic,Serbia,2017,2019,0,0,1,1,0,1,0,1,0,0,1
RUF,Sierra Leone,1991,1996,0,1,0,0,1,0,0,1,0,0,1
Public Against Violence,Slovakia,1989,1992,1,0,0,0,0,1,0,1,0,0,1
Slovenia anti-communist,Slovenia,1989,1990,1,0,0,0,0,1,0,1,0,0,1
Slovenian independence,Slovenia,1990,1991,1,0,0,0,0,1,0,0,1,0,1
Dervish resistance,Somalia,1899,1904,0,0,1,0,1,0,1,0,0,0,1
clan factions; SNM,Somalia,1982,1991,1,0,0,0,1,0,0,1,0,0,1
Somali Civil War,Somalia,1991,2000,0,0,1,0,1,0,0,1,0,0,1
Somalia militia insurgencies,Somalia,1993,1994,1,0,0,0,1,0,1,0,0,0,1
Islamist insurgency,Somalia,2006,2019,0,0,1,1,1,0,0,1,0,0,1
Boer separatists,South Africa,1899,1902,0,0,1,0,1,0,1,0,0,0,1
First Defiance Campaign,South Africa,1952,1961,0,0,1,0,0,1,0,0,0,1,1
South African Second Defiance Campaign,South Africa,1984,1994,1,0,0,0,0,1,0,0,0,1,1
Anti-Zuma,South Africa,2017,2018,1,0,0,0,0,1,0,1,0,0,1
Student Revolution,South Korea,1960,1960,1,0,0,0,0,1,0,1,0,0,1
South Korean anti-junta,South Korea,1979,1980,0,0,1,0,0,1,0,1,0,0,1
Student’s Anti-Chun Protest,South Korea,1982,1987,0,0,1,0,0,1,0,1,0,0,1
South Korean anti-military,South Korea,1986,1987,1,0,0,0,0,1,0,1,0,0,1
Anti-Roh Tae Woo,South Korea,1988,1992,0,0,1,0,0,1,0,1,0,0,1
Student's Anti-Kim Protest,South Korea,1995,1995,0,0,1,0,0,1,0,1,0,0,1
Anti-Park protests,South Korea,2015,2017,1,0,0,0,0,1,0,1,0,0,1
SPLM/A,South Sudan,2011,2019,0,0,1,1,1,0,0,1,0,0,1
1963 Buddhist Protests,South Vietnam,1963,1963,1,0,0,0,0,1,0,1,0,0,1
1964 Anti-Khanh Protests,South Vietnam,1964,1964,1,0,0,0,0,1,0,1,0,0,1
Anti-Huong,South Vietnam,1964,1965,1,0,0,0,0,1,0,1,0,0,1
1966-67 Anti-Ky Protests,South Vietnam,1966,1967,0,0,1,0,0,1,0,1,0,0,1
Anti-Military Govt,South Vietnam,1966,1966,0,0,1,0,0,1,0,1,0,0,1
1974-75 Anti-Thieu Protests,South Vietnam,1974,1975,0,0,1,0,0,1,0,1,0,0,1
Asturian miners,Spain,1934,1934,0,0,1,0,1,0,0,1,0,0,1
Fascists,Spain,1936,1939,1,0,0,0,1,0,0,1,0,0,1
ETA,Spain,1968,2011,0,0,1,0,1,0,0,0,1,0,1
Catalan separatist protest,Spain,2016,2019,0,0,1,1,0,1,0,0,1,0,1
JVP,Sri Lanka,1971,1971,0,0,1,0,1,0,0,1,0,0,1
LTTE,Sri Lanka,1983,2009,0,0,1,0,1,0,0,0,1,0,1
JVP II,Sri Lanka,1987,1990,0,0,1,0,1,0,0,1,0,0,1
Anti-Kumaratunga,Sri Lanka,2001,2001,0,0,1,0,0,1,0,1,0,0,1
Anya Nya,Sudan,1963,1972,0,1,0,0,1,0,0,0,1,0,1
October Revolution,Sudan,1964,1964,1,0,0,0,0,1,0,1,0,0,1
SPLA-Garang faction,Sudan,1983,2005,0,1,0,0,1,0,0,1,0,0,1
anti-Jaafar,Sudan,1985,1985,1,0,0,0,0,1,0,1,0,0,1
JEM/SLA,Sudan,2003,2012,0,0,1,0,1,0,0,0,0,1,1
Anti-al-Bashir Government,Sudan,2011,2013,0,0,1,0,0,1,0,1,0,0,1
South Kordofan and Blue Nile Conflict,Sudan,2011,2018,0,0,1,1,1,0,0,1,0,0,1
Sudan Uprising,Sudan,2018,2019,1,0,0,0,0,1,0,1,0,0,1
Anti-Bouterse,Suriname,1983,1984,0,0,1,0,0,1,0,1,0,0,1
Anti-Wijdenbosch,Suriname,1999,2000,1,0,0,0,0,1,0,1,0,0,1
Swaziland Anti-Monarchy Protests,Swaziland,2011,2011,0,0,1,0,0,1,0,1,0,0,1
Franco-Syrian War,Syria,1920,1920,0,0,1,0,1,0,1,0,0,0,1
Muslim Brotherhood,Syria,1980,1982,0,0,1,0,1,0,0,1,0,0,1
Syrian Civil War,Syria,2011,2019,0,0,1,1,1,0,0,1,0,0,1
Syrian Uprising,Syria,2011,2011,0,0,1,0,0,1,0,1,0,0,1
Islamic State,Syria,2013,2019,0,0,1,1,1,0,0,1,0,0,1
Taiwan pro-democracy,Taiwan,1979,1985,1,0,0,0,0,1,0,1,0,0,1
1991 Opposition Protests,Tajikistan,1991,1991,0,1,0,0,0,1,0,1,0,0,1
Popular Democratic Army (UTO),Tajikistan,1992,1997,0,1,0,0,1,0,0,1,0,0,1
Tanzania pro-democracy,Tanzania,1992,1995,0,1,0,0,0,1,0,1,0,0,1
Maji Maji Revolt,Tanzania/German East Africa,1905,1906,0,0,1,0,1,0,1,0,0,0,1
communist rebels,Thailand,1965,1982,0,0,1,0,1,0,0,1,0,0,1
student protests,Thailand,1973,1973,1,0,0,0,0,1,0,1,0,0,1
pro-dem movement,Thailand,1992,1992,1,0,0,0,0,1,0,1,0,0,1
2004 Southern Thai Insurrection,Thailand,2004,2019,0,0,1,1,1,0,1,0,0,0,1
anti-Thaksin campaign,Thailand,2005,2006,1,0,0,0,0,1,0,1,0,0,1
Anti-Military Government Campaign,Thailand,2007,2007,0,1,0,0,0,1,0,1,0,0,1
People's Alliance for Democracy Campaign,Thailand,2008,2008,1,0,0,0,0,1,0,1,0,0,1
Red Shirt Campaign,Thailand,2008,2010,0,0,1,0,0,1,0,1,0,0,1
Civil Movement for Democracy,Thailand,2013,2014,1,0,0,0,0,1,0,1,0,0,1
New Democracy Movement,Thailand,2014,2019,0,0,1,1,0,1,0,1,0,0,1
First War of Independence,Tibet,1912,1913,0,1,0,0,1,0,1,0,0,0,1
Tibetan independence movement,Tibet,1987,1989,0,0,1,0,0,1,1,0,0,0,1
Anti-Eyadema,Togo,1991,1991,0,1,0,0,0,1,0,1,0,0,1
Togo anti-Gnassingbe/Coup Crisis,Togo,2005,2005,1,0,0,0,0,1,0,1,0,0,1
Let's Save Togo (Anti-Gnassingbe),Togo,2012,2013,0,0,1,0,0,1,0,1,0,0,1
2017 Anti-Gnassingbe,Togo,2017,2019,0,0,1,1,0,1,0,1,0,0,1
Pro-Democracy Protests,Tonga,2005,2006,0,1,0,0,0,1,0,1,0,0,1
Tunisian independence movement,Tunisia,1952,1954,1,0,0,0,1,0,1,0,0,0,1
Anti-Ben Ali Campaign (Jasmin Revolution),Tunisia,2010,2011,1,0,0,0,0,1,0,1,0,0,1
Protests Against the Crisis Talks,Tunisia,2013,2013,1,0,0,0,0,1,0,1,0,0,1
Anti-Islamist Government Protests,Tunisia,2013,2014,1,0,0,0,0,1,0,1,0,0,1
Arab Revolt,Turkey,1916,1918,0,1,0,0,1,0,0,0,1,0,1
Kockiri rebellion Kurdistan (KTC),Turkey,1920,1922,0,0,1,0,1,0,0,0,1,0,1
Sheikh Said insurgency,Turkey,1924,1927,0,0,1,0,1,0,0,1,0,0,1
Students Lead Protest for Regime Change,Turkey,1960,1960,1,0,0,0,0,1,0,1,0,0,1
Anti-government protests,Turkey,1970,1971,1,0,0,0,0,1,0,1,0,0,1
Kurdish rebellion,Turkey,1978,1999,0,0,1,0,1,0,0,0,1,0,1
Economic Crisis Sparks Calls for Resignation,Turkey,2001,2001,0,0,1,0,0,1,0,1,0,0,1
Anti-Erdogan,Turkey,2013,2015,0,1,0,0,0,1,0,1,0,0,1
Renewed Kurdistan Worker's Party (PKK),Turkey,2015,2019,0,0,1,1,1,0,0,0,1,0,1
Anti-Erdogan II,Turkey,2017,2019,0,0,1,1,0,1,0,1,0,0,1
Buganda Tribe,Uganda,1966,1966,0,0,1,0,1,0,0,0,1,0,1
National Resistance Army,Uganda,1980,1986,1,0,0,0,1,0,0,1,0,0,1
LRA,Uganda,1986,2017,0,0,1,0,1,0,0,1,0,0,1
UPA,Uganda,1987,1992,0,0,1,0,1,0,0,1,0,0,1
ADF Insurgency,Uganda,1996,2019,0,0,1,1,1,0,0,1,0,0,1
Anti-Museveni,Uganda,2011,2013,0,0,1,0,0,1,0,1,0,0,1
Donetsk Miner's Strike,Ukraine,1989,1991,0,1,0,0,0,1,0,1,0,0,1
Students Union Protests,Ukraine,1990,1990,1,0,0,0,0,1,0,1,0,0,1
Orange Revolution,Ukraine,2000,2005,0,1,0,0,0,1,0,1,0,0,1
Euromaidan,Ukraine,2013,2014,1,0,0,0,0,1,0,1,0,0,1
"Ultras ""United Ukraine"" Campaign",Ukraine,2014,2014,0,0,1,0,0,1,1,0,0,0,1
Rebels in East Ukraine (Ukrainian Civil War),Ukraine,2014,2019,0,0,1,1,1,0,0,0,1,0,1
anti-Trump resistance,United States,2017,2019,0,0,1,1,0,1,0,1,0,0,1
Blancos Rebellion,Uruguay,1904,1904,0,0,1,0,1,0,0,1,0,0,1
Tupamaros,Uruguay,1963,1972,0,0,1,0,1,0,0,1,0,0,1
Uruguay anti-military campaign,Uruguay,1984,1985,1,0,0,0,0,1,0,1,0,0,1
Peasants in Ta (Tambov Rebellion),USSR,1920,1921,0,0,1,0,1,0,0,0,1,0,1
Central Asian rebels,USSR,1934,1934,0,0,1,0,1,0,0,0,0,1,1
Belarus resistance,USSR,1941,1945,0,0,1,0,1,0,1,0,0,0,1
Ukrainian rebellion,USSR,1946,1951,0,0,1,0,1,0,0,1,0,0,1
Georgian anti-Khruschev protests,USSR,1956,1956,0,0,1,0,0,1,0,1,0,0,1
Georgian anti-Soviet movement,USSR,1989,1991,0,1,0,0,0,1,0,0,1,0,1
La Revolucion Libertador,Venezuela,1901,1903,0,0,1,0,1,0,0,1,0,0,1
anti-Jimenez campaign,Venezuela,1958,1958,1,0,0,0,0,1,0,1,0,0,1
Armed Forces for National Liberation (FALN),Venezuela,1962,1965,0,0,1,0,1,0,0,1,0,0,1
Anti-Perez,Venezuela,1992,1992,0,0,1,0,0,1,0,1,0,0,1
Military Forces of Hugo Chavez,Venezuela,1992,1992,0,0,1,0,1,0,0,1,0,0,1
2002 Anti-Chavez Campaign,Venezuela,2002,2004,0,0,1,0,0,1,0,1,0,0,1
anti-coup,Venezuela,2002,2002,1,0,0,0,0,1,0,1,0,0,1
anti-Maduro,Venezuela,2014,2019,0,0,1,1,0,1,0,1,0,0,1
Indochina revolt,Vietnam,1945,1954,1,0,0,0,1,0,1,0,0,0,1
North Vietnam (National Liberation Front),Vietnam,1960,1975,1,0,0,0,1,0,0,1,0,0,1
North Vietnam (National Liberation Front) anti-occupation,Vietnam,1961,1975,1,0,0,0,1,0,1,0,0,0,1
Anti-Dutch colonial struggle,West Papua,1911,1943,0,0,1,0,0,1,1,0,0,0,1
West Papua rebels,West Papua,1965,1978,0,0,1,0,1,0,1,0,0,0,1
West Papua self-determination struggle,West Papua,1979,2019,0,0,1,1,0,1,1,0,0,0,1
Western Sahara Freedom Movement (POLISARIO),Western Sahara,1975,1989,0,1,0,0,1,0,1,0,0,0,1
Renewed Western Sahara Independence Protests,Western Sahara,2010,2019,0,0,1,1,0,1,1,0,0,0,1
Yemeni insurgency,Yemen,1955,1957,0,0,1,0,1,0,0,1,0,0,1
"FLOSY, NLF in Aden",Yemen,1963,1967,1,0,0,0,1,0,1,0,0,0,1
NDF,Yemen,1979,1982,0,0,1,0,1,0,0,1,0,0,1
Al-Houthi Rebellion,Yemen,2004,2015,1,0,0,0,1,0,0,1,0,0,1
South Yemen Secessionist Movement,Yemen,2007,2014,0,1,0,0,0,1,0,0,1,0,1
Al Qaeda in the Arabian Peninsula,Yemen,2009,2019,0,0,1,1,1,0,0,1,0,0,1
Anti Ali Adduallah Saleh Campaign,Yemen,2011,2012,1,0,0,0,0,1,0,1,0,0,1
Anti-Houthi Movement,Yemen,2015,2019,0,0,1,1,0,1,0,1,0,0,1
Yahya Family revolt,Yemen Arab Republic,1948,1948,1,0,0,0,1,0,0,1,0,0,1
Royalists,Yemen Arab Republic,1962,1969,0,1,0,0,1,0,0,1,0,0,1
leftists,Yemen People's Republic,1986,1986,0,1,0,0,1,0,0,1,0,0,1
Balkan resistance,Yugoslavia,1941,1945,0,0,0,0,1,0,1,0,0,0,1
student protests,Yugoslavia,1968,1968,0,1,0,0,0,1,0,1,0,0,1
Croatian nationalists,Yugoslavia,1970,1971,0,0,1,0,0,1,0,0,1,0,1
Kosovo Albanian nationalist movement,Yugoslavia,1981,1981,0,0,1,0,0,1,0,0,1,0,1
Kosovo Albanian,Yugoslavia,1988,1998,0,0,1,0,0,1,0,0,1,0,1
Croats,Yugoslavia,1991,1992,1,0,0,0,1,0,0,0,1,0,1
Katanga-led leftists,Zaire/DRC,1960,1965,0,0,1,0,1,0,0,0,1,0,1
FLNC,Zaire/DRC,1977,1978,0,0,1,0,1,0,0,1,0,0,1
Sacred Union,Zaire/DRC,1991,1993,0,0,1,0,1,0,0,1,0,0,1
Zambian independence movement,Zambia,1961,1963,1,0,0,0,0,1,1,0,0,0,1
Zambia anti-single party rule,Zambia,1990,1991,1,0,0,0,0,1,0,1,0,0,1
anti-Chiluba campaign,Zambia,2001,2001,1,0,0,0,0,1,0,1,0,0,1
Zimbabwe African People's Union,Zimbabwe,1972,1979,0,1,0,0,1,0,0,1,0,0,1
PF-ZAPU guerillas,Zimbabwe,1983,1987,0,1,0,0,1,0,0,1,0,0,1
Anti-Mugabe,Zimbabwe,2016,2017,1,0,0,0,0,1,0,1,0,0,1